latitude,longitude,altitude (m),slope (%),distance (km),name,StageNum,TotalDistance
52.07908,5.1315,1.6,2.2,2.999,Etape 01 - Utrecht / Utrecht,1,2.999
52.09602,5.14341,-1,0,7.888,Etape 01 - Utrecht / Utrecht,1,7.888
52.07813,5.11521,2.4,-0.2,11.59,Etape 01 - Utrecht / Utrecht,1,11.59
52.07914,5.119,2.1,0.4,1.542,Etape 02 - Utrecht / Zélande,2,15.304
52.09313,5.12163,8.1,,4.331,Etape 02 - Utrecht / Zélande,2,18.093
52.08124,5.12584,2.9,,7.63,Etape 02 - Utrecht / Zélande,2,21.392
52.07325,5.13762,4.3,-1.8,11.314,Etape 02 - Utrecht / Zélande,2,25.076
52.10216,5.14388,3,1.3,14.85,Etape 02 - Utrecht / Zélande,2,28.612
52.1081,5.09647,3.1,,18.884,Etape 02 - Utrecht / Zélande,2,32.646
52.09355,5.06938,2,2.1,21.804,Etape 02 - Utrecht / Zélande,2,35.566
52.08154,5.04429,2.6,3.5,24.382,Etape 02 - Utrecht / Zélande,2,38.144
52.08398,5.00311,-1.8,-1.4,29.026,Etape 02 - Utrecht / Zélande,2,42.788
52.06385,5.0217,-1.9,-4.2,33.039,Etape 02 - Utrecht / Zélande,2,46.801
52.05184,4.96327,0.5,-0.7,37.6,Etape 02 - Utrecht / Zélande,2,51.362
52.03336,4.93398,-0.1,0.4,40.805,Etape 02 - Utrecht / Zélande,2,54.567
52.01724,4.87358,-2,1.2,45.648,Etape 02 - Utrecht / Zélande,2,59.41
52.01493,4.83512,-1,-2.1,48.717,Etape 02 - Utrecht / Zélande,2,62.479
52.00287,4.78786,1.7,2.7,52.552,Etape 02 - Utrecht / Zélande,2,66.314
52.00233,4.74968,-0.4,1.2,55.362,Etape 02 - Utrecht / Zélande,2,69.124
52.00934,4.71594,1,-2.4,58.237,Etape 02 - Utrecht / Zélande,2,71.999
52.01958,4.6835,-3.4,-0.4,61.666,Etape 02 - Utrecht / Zélande,2,75.428
52.02212,4.66504,-4.4,0.1,63.599,Etape 02 - Utrecht / Zélande,2,77.361
52.03788,4.64578,-5,0,66.148,Etape 02 - Utrecht / Zélande,2,79.91
52.02303,4.61152,-5.5,1.2,69.439,Etape 02 - Utrecht / Zélande,2,83.201
51.98876,4.60016,-6,0,73.871,Etape 02 - Utrecht / Zélande,2,87.633
51.97,4.62517,-3.4,,76.875,Etape 02 - Utrecht / Zélande,2,90.637
51.92786,4.57332,-1,2.1,82.951,Etape 02 - Utrecht / Zélande,2,96.713
51.91457,4.5338,3.4,-2.1,86.341,Etape 02 - Utrecht / Zélande,2,100.103
51.9124,4.48223,8.6,,90.474,Etape 02 - Utrecht / Zélande,2,104.236
51.91047,4.48311,1.3,1.6,93.647,Etape 02 - Utrecht / Zélande,2,107.409
51.89419,4.47969,10.8,,96.766,Etape 02 - Utrecht / Zélande,2,110.528
51.86809,4.44314,-1.2,0.1,100.941,Etape 02 - Utrecht / Zélande,2,114.703
51.86397,4.35851,1.3,,107.313,Etape 02 - Utrecht / Zélande,2,121.075
51.85539,4.30376,2.1,0.9,111.66,Etape 02 - Utrecht / Zélande,2,125.422
51.86753,4.22522,0.1,,117.602,Etape 02 - Utrecht / Zélande,2,131.364
51.83526,4.15091,1,0.6,123.869,Etape 02 - Utrecht / Zélande,2,137.631
51.83224,4.10161,-1.1,2.1,127.388,Etape 02 - Utrecht / Zélande,2,141.15
51.8486,4.08815,0.3,-3.7,129.936,Etape 02 - Utrecht / Zélande,2,143.698
51.80991,4.00147,-1.6,-2.2,137.997,Etape 02 - Utrecht / Zélande,2,151.759
51.81386,3.93912,1,1.5,143.103,Etape 02 - Utrecht / Zélande,2,156.865
51.82046,3.9062,1.3,3.2,146.849,Etape 02 - Utrecht / Zélande,2,160.611
51.79244,3.88187,3,4.5,151.528,Etape 02 - Utrecht / Zélande,2,165.29
51.75599,3.83337,0.2,-0.1,157.136,Etape 02 - Utrecht / Zélande,2,170.898
51.73443,3.81031,-1,0,160.721,Etape 02 - Utrecht / Zélande,2,174.483
51.72175,3.77687,-1,-1.8,163.613,Etape 02 - Utrecht / Zélande,2,177.375
51.69781,3.75231,-1.9,-3.1,167.542,Etape 02 - Utrecht / Zélande,2,181.304
51.67512,3.7261,-0.5,,170.968,Etape 02 - Utrecht / Zélande,2,184.73
51.22179,4.41635,7,-0.1,2.095,Etape 03 - Anvers / Huy,3,190.847
51.19704,4.44125,7.3,3.1,6.487,Etape 03 - Anvers / Huy,3,195.239
51.19215,4.48776,8.1,0.4,10.265,Etape 03 - Anvers / Huy,3,199.017
51.13839,4.55813,7.8,-0.6,18.724,Etape 03 - Anvers / Huy,3,207.476
51.12423,4.57691,3.4,-6,21.861,Etape 03 - Anvers / Huy,3,210.613
51.08555,4.64895,15,0,28.681,Etape 03 - Anvers / Huy,3,217.433
51.01093,4.80956,15,2.3,42.863,Etape 03 - Anvers / Huy,3,231.615
50.98229,4.84177,14.6,-2,47.878,Etape 03 - Anvers / Huy,3,236.63
50.95072,4.89955,25,1.2,54.69,Etape 03 - Anvers / Huy,3,243.442
50.9044,4.91994,73.5,1.2,60.279,Etape 03 - Anvers / Huy,3,249.031
50.85575,4.95286,36.3,0,66.845,Etape 03 - Anvers / Huy,3,255.597
50.81864,4.94561,66.1,1.6,71.522,Etape 03 - Anvers / Huy,3,260.274
50.79885,4.97047,53,1.9,75.714,Etape 03 - Anvers / Huy,3,264.466
50.74123,4.98849,60.6,0.5,85.118,Etape 03 - Anvers / Huy,3,273.87
50.66473,5.07542,140.5,0,96.228,Etape 03 - Anvers / Huy,3,284.98
50.5213,5.07742,151,-6.3,114.357,Etape 03 - Anvers / Huy,3,303.109
50.49534,5.09515,76.5,-7.1,118.065,Etape 03 - Anvers / Huy,3,306.817
50.4851,5.13436,208.7,8.2,121.86,Etape 03 - Anvers / Huy,3,310.612
50.45668,5.17229,236.1,-6.7,126.601,Etape 03 - Anvers / Huy,3,315.353
50.41533,5.15743,250.6,2.3,134.491,Etape 03 - Anvers / Huy,3,323.243
50.39188,5.24077,303.1,-3.4,142.053,Etape 03 - Anvers / Huy,3,330.805
50.45212,5.28396,186.5,9.9,150.09,Etape 03 - Anvers / Huy,3,338.842
50.47251,5.26642,155.2,-0.7,153.509,Etape 03 - Anvers / Huy,3,342.261
50.46659,5.23393,250.4,-11.4,157.885,Etape 03 - Anvers / Huy,3,346.637
50.49364,5.23411,117.1,-1.9,162.554,Etape 03 - Anvers / Huy,3,351.306
50.51368,5.23279,115.4,9.4,166.205,Etape 03 - Anvers / Huy,3,354.957
50.51711,5.22378,75.4,7.3,169.921,Etape 03 - Anvers / Huy,3,358.673
50.51687,5.24724,129.5,-0.5,172.419,Etape 03 - Anvers / Huy,3,361.171
50.57683,5.40664,73.5,-1.2,5.754,Etape 04 - Seraing / Cambrai,4,367.494
50.53277,5.29134,70.1,-2.6,16.377,Etape 04 - Seraing / Cambrai,4,378.117
50.518,5.23629,81.1,5.8,21.63,Etape 04 - Seraing / Cambrai,4,383.37
50.51537,5.18822,76.8,-11.2,26.331,Etape 04 - Seraing / Cambrai,4,388.071
50.48553,5.02213,81.1,0.8,39.115,Etape 04 - Seraing / Cambrai,4,400.855
50.46311,4.88156,80.5,-0.8,51.217,Etape 04 - Seraing / Cambrai,4,412.957
50.46052,4.86554,115.2,,54.373,Etape 04 - Seraing / Cambrai,4,416.113
50.45238,4.84816,209.1,-4.3,56.761,Etape 04 - Seraing / Cambrai,4,418.501
50.47061,4.85292,94,2.9,60.61,Etape 04 - Seraing / Cambrai,4,422.35
50.51277,4.67533,118.8,3.9,74.413,Etape 04 - Seraing / Cambrai,4,436.153
50.54048,4.53179,150,1.4,85.206,Etape 04 - Seraing / Cambrai,4,446.946
50.53094,4.44993,152.7,-0.6,95.14,Etape 04 - Seraing / Cambrai,4,456.88
50.50554,4.39221,128.2,6.3,101.105,Etape 04 - Seraing / Cambrai,4,462.845
50.48813,4.32936,148.7,-0.8,106.739,Etape 04 - Seraing / Cambrai,4,468.479
50.46755,4.27487,171,1.3,111.82,Etape 04 - Seraing / Cambrai,4,473.56
50.4135,4.16686,93.3,0.4,122.408,Etape 04 - Seraing / Cambrai,4,484.148
50.39573,4.09383,91.6,3.2,128.551,Etape 04 - Seraing / Cambrai,4,490.291
50.34165,3.9452,136.1,3.4,140.752,Etape 04 - Seraing / Cambrai,4,502.492
50.29805,3.78976,144,0.9,153.316,Etape 04 - Seraing / Cambrai,4,515.056
50.28286,3.73189,139.1,1.9,158.15,Etape 04 - Seraing / Cambrai,4,519.89
50.2607,3.66755,128.3,2.6,163.578,Etape 04 - Seraing / Cambrai,4,525.318
50.25053,3.62445,116,-3.8,167.254,Etape 04 - Seraing / Cambrai,4,528.994
50.27901,3.56288,81.6,-1.7,173.111,Etape 04 - Seraing / Cambrai,4,534.851
50.29245,3.53522,77.4,2.8,176.183,Etape 04 - Seraing / Cambrai,4,537.923
50.28356,3.51334,83.4,-2.1,182.403,Etape 04 - Seraing / Cambrai,4,544.143
50.25604,3.46641,72.3,0.1,187.264,Etape 04 - Seraing / Cambrai,4,549.004
50.22116,3.47642,59.2,2.6,193.234,Etape 04 - Seraing / Cambrai,4,554.974
50.1887,3.47959,65,0,197.175,Etape 04 - Seraing / Cambrai,4,558.915
50.16993,3.4331,85.2,1.3,203.446,Etape 04 - Seraing / Cambrai,4,565.186
50.18945,3.39513,86,-2.8,208.44,Etape 04 - Seraing / Cambrai,4,570.18
50.16774,3.3515,83,-4.3,213.06,Etape 04 - Seraing / Cambrai,4,574.8
50.18059,3.28946,58.1,1,218.118,Etape 04 - Seraing / Cambrai,4,579.858
50.28444,2.76382,67.7,2.5,0.275,Etape 05 - Arras  / Amiens,5,585.41
50.29979,2.7667,60.8,-2.4,3.514,Etape 05 - Arras  / Amiens,5,588.649
50.32253,2.73081,70.1,4,7.287,Etape 05 - Arras  / Amiens,5,592.422
50.37288,2.67156,147.8,0.5,15.436,Etape 05 - Arras  / Amiens,5,600.571
50.38456,2.7169,93.4,3.2,19.343,Etape 05 - Arras  / Amiens,5,604.478
50.39978,2.72216,166.6,-5.9,22.183,Etape 05 - Arras  / Amiens,5,607.318
50.40919,2.75743,56.2,-3.6,26.626,Etape 05 - Arras  / Amiens,5,611.761
50.38814,2.76699,109.8,,31.041,Etape 05 - Arras  / Amiens,5,616.176
50.36011,2.76489,113,-3.1,34.357,Etape 05 - Arras  / Amiens,5,619.492
50.34762,2.82528,113,-1.6,39.963,Etape 05 - Arras  / Amiens,5,625.098
50.33105,2.88844,61.9,0.1,45.42,Etape 05 - Arras  / Amiens,5,630.555
50.29382,2.89901,48,-1.5,50.452,Etape 05 - Arras  / Amiens,5,635.587
50.25869,2.88136,77.3,-4.1,55.05,Etape 05 - Arras  / Amiens,5,640.185
50.2311,2.84079,65,-3.1,59.551,Etape 05 - Arras  / Amiens,5,644.686
50.20107,2.87252,92.1,-2.5,64.307,Etape 05 - Arras  / Amiens,5,649.442
50.1713,2.93062,96.7,-3.6,69.816,Etape 05 - Arras  / Amiens,5,654.951
50.14294,2.95573,90,-0.1,74.369,Etape 05 - Arras  / Amiens,5,659.504
50.09011,2.97736,117.9,1.2,81.046,Etape 05 - Arras  / Amiens,5,666.181
50.06543,2.99211,115,4.2,84.939,Etape 05 - Arras  / Amiens,5,670.074
50.02254,2.91755,149.2,0.2,94.631,Etape 05 - Arras  / Amiens,5,679.766
49.93718,2.92421,65.2,-1.7,107.153,Etape 05 - Arras  / Amiens,5,692.288
49.92126,2.9139,55.9,-0.4,112.079,Etape 05 - Arras  / Amiens,5,697.214
49.94554,2.84601,51.9,2.1,120.32,Etape 05 - Arras  / Amiens,5,705.455
49.982,2.85034,92.8,0.2,124.659,Etape 05 - Arras  / Amiens,5,709.794
50.01411,2.85465,142.8,3.7,129.779,Etape 05 - Arras  / Amiens,5,714.914
50.04098,2.78009,145.6,-4,137.153,Etape 05 - Arras  / Amiens,5,722.288
50.04254,2.72173,145.7,-3.5,142.958,Etape 05 - Arras  / Amiens,5,728.093
50.03431,2.6658,76.2,-2.6,148.757,Etape 05 - Arras  / Amiens,5,733.892
50.00285,2.65156,71.4,2.1,154.848,Etape 05 - Arras  / Amiens,5,739.983
49.95983,2.63913,97.4,-1,160.228,Etape 05 - Arras  / Amiens,5,745.363
49.91343,2.60753,47.3,-4.6,166.487,Etape 05 - Arras  / Amiens,5,751.622
49.88504,2.50836,76.5,7.4,178.614,Etape 05 - Arras  / Amiens,5,763.749
49.90234,2.45103,32.6,2.4,184.343,Etape 05 - Arras  / Amiens,5,769.478
49.90193,2.35989,63.9,2.7,191.121,Etape 05 - Arras  / Amiens,5,776.256
50.10545,1.83236,8.6,2.3,1.453,Etape 06 - Abbeville / Le Havre,6,783.288
50.09283,1.77493,71.5,-0.8,7.022,Etape 06 - Abbeville / Le Havre,6,788.857
50.05047,1.70375,99,-4,14.657,Etape 06 - Abbeville / Le Havre,6,796.492
50.01481,1.61256,70.5,2.5,22.669,Etape 06 - Abbeville / Le Havre,6,804.504
49.9861,1.56241,37.7,-0.7,27.71,Etape 06 - Abbeville / Le Havre,6,809.545
49.93737,1.50107,189.4,-11.1,36.121,Etape 06 - Abbeville / Le Havre,6,817.956
49.92453,1.48834,92.9,-7.6,39.708,Etape 06 - Abbeville / Le Havre,6,821.543
49.89027,1.43949,186.2,-3,45.985,Etape 06 - Abbeville / Le Havre,6,827.82
49.90528,1.29698,56.9,1,57.406,Etape 06 - Abbeville / Le Havre,6,839.241
49.90953,1.17379,20.2,-2.4,67.063,Etape 06 - Abbeville / Le Havre,6,848.898
49.91473,1.09949,8.2,3,73.225,Etape 06 - Abbeville / Le Havre,6,855.06
49.91446,1.06339,87.7,4.5,78.16,Etape 06 - Abbeville / Le Havre,6,859.995
49.91826,1.03542,7.5,-4.7,81.299,Etape 06 - Abbeville / Le Havre,6,863.134
49.90383,0.99936,99,0.4,85.262,Etape 06 - Abbeville / Le Havre,6,867.097
49.90748,0.94762,49.9,-4.6,89.657,Etape 06 - Abbeville / Le Havre,6,871.492
49.89427,0.90806,41.4,1,93.921,Etape 06 - Abbeville / Le Havre,6,875.756
49.8821,0.83546,42,2.2,99.665,Etape 06 - Abbeville / Le Havre,6,881.5
49.86377,0.78267,56,2.8,104.697,Etape 06 - Abbeville / Le Havre,6,886.532
49.86183,0.70149,53,2.6,111.475,Etape 06 - Abbeville / Le Havre,6,893.31
49.78646,0.65703,96.5,-8.2,120.869,Etape 06 - Abbeville / Le Havre,6,902.704
49.78295,0.5935,108,-0.3,126.047,Etape 06 - Abbeville / Le Havre,6,907.882
49.80448,0.52871,86.4,-4.4,131.785,Etape 06 - Abbeville / Le Havre,6,913.62
49.81239,0.51019,64.1,-4.6,134.971,Etape 06 - Abbeville / Le Havre,6,916.806
49.79187,0.47068,71.7,1.2,139.632,Etape 06 - Abbeville / Le Havre,6,921.467
49.76414,0.40265,91.3,-1,146.285,Etape 06 - Abbeville / Le Havre,6,928.12
49.75567,0.36259,31.5,6.2,150.274,Etape 06 - Abbeville / Le Havre,6,932.109
49.71128,0.31738,99,0.6,156.962,Etape 06 - Abbeville / Le Havre,6,938.797
49.71574,0.24519,97.8,-1.4,163.207,Etape 06 - Abbeville / Le Havre,6,945.042
49.70579,0.20288,16,,166.836,Etape 06 - Abbeville / Le Havre,6,948.671
49.61691,0.15788,90.6,-0.3,177.908,Etape 06 - Abbeville / Le Havre,6,959.743
49.5507,0.11127,83.2,4.3,186.287,Etape 06 - Abbeville / Le Havre,6,968.122
49.51587,0.08555,84.6,-8.4,190.704,Etape 06 - Abbeville / Le Havre,6,972.539
49.49559,0.0957,7.9,1.1,193.463,Etape 06 - Abbeville / Le Havre,6,975.298
49.00502,0.16637,142.7,8.3,1.287,Etape 07 - Livarot / Fougères,7,981.04
48.95574,0.26442,119.7,3.7,13.79,Etape 07 - Livarot / Fougères,7,993.543
48.93396,0.21239,176.6,-8.5,19.435,Etape 07 - Livarot / Fougères,7,999.188
48.89582,0.20413,197.2,6.2,25.393,Etape 07 - Livarot / Fougères,7,1005.146
48.82328,0.13779,167.7,-2,35.489,Etape 07 - Livarot / Fougères,7,1015.242
48.80448,0.1572,121.3,-1.3,42.666,Etape 07 - Livarot / Fougères,7,1022.419
48.77914,0.18272,188.9,0.2,48.726,Etape 07 - Livarot / Fougères,7,1028.479
48.7507,0.17901,182.4,-6.2,53.13,Etape 07 - Livarot / Fougères,7,1032.883
48.7505,0.06156,184.4,-4.7,63.843,Etape 07 - Livarot / Fougères,7,1043.596
48.72888,-0.03943,154,0,72.525,Etape 07 - Livarot / Fougères,7,1052.278
48.66927,-0.07302,186.3,0.3,80.039,Etape 07 - Livarot / Fougères,7,1059.792
48.60449,-0.12121,275,0.5,88.513,Etape 07 - Livarot / Fougères,7,1068.266
48.56476,-0.13819,310.3,-6.5,94.543,Etape 07 - Livarot / Fougères,7,1074.296
48.54182,-0.18196,292.5,-1.6,100.767,Etape 07 - Livarot / Fougères,7,1080.52
48.50281,-0.27229,214.7,-0.4,109.472,Etape 07 - Livarot / Fougères,7,1089.225
48.47598,-0.31423,173.3,-5.6,114.833,Etape 07 - Livarot / Fougères,7,1094.586
48.47759,-0.3803,173.6,-0.6,120.348,Etape 07 - Livarot / Fougères,7,1100.101
48.47254,-0.43141,150.8,0.4,125.086,Etape 07 - Livarot / Fougères,7,1104.839
48.43414,-0.50268,200.6,-1.7,132.363,Etape 07 - Livarot / Fougères,7,1112.116
48.412,-0.58559,124.1,4.8,139.261,Etape 07 - Livarot / Fougères,7,1119.014
48.40354,-0.63278,121.7,2.8,143.565,Etape 07 - Livarot / Fougères,7,1123.318
48.40649,-0.72476,164.7,1.1,150.714,Etape 07 - Livarot / Fougères,7,1130.467
48.41078,-0.81995,167.3,9.4,158.032,Etape 07 - Livarot / Fougères,7,1137.785
48.40624,-0.99957,173.3,1.1,172.08,Etape 07 - Livarot / Fougères,7,1151.833
48.365,-1.10026,184.1,-3.5,182.11,Etape 07 - Livarot / Fougères,7,1161.863
48.35449,-1.15263,102.8,-8.7,188.298,Etape 07 - Livarot / Fougères,7,1168.051
48.33834,-1.19272,69.2,-4,193.366,Etape 07 - Livarot / Fougères,7,1173.119
48.12469,-1.70301,56.9,-2.2,4.438,Etape 08 - Rennes / Mûr-de-Bretagne,8,1178.12
48.14234,-1.70174,48.6,4.4,7.357,Etape 08 - Rennes / Mûr-de-Bretagne,8,1181.039
48.20135,-1.73542,91.9,1.5,14.475,Etape 08 - Rennes / Mûr-de-Bretagne,8,1188.157
48.22516,-1.7957,83.2,1.7,19.945,Etape 08 - Rennes / Mûr-de-Bretagne,8,1193.627
48.27814,-1.88373,142.3,-0.5,29.337,Etape 08 - Rennes / Mûr-de-Bretagne,8,1203.019
48.29483,-1.94589,167.6,-0.5,35.284,Etape 08 - Rennes / Mûr-de-Bretagne,8,1208.966
48.2779,-2.02001,95.5,2.2,41.441,Etape 08 - Rennes / Mûr-de-Bretagne,8,1215.123
48.24468,-2.14874,78.7,3.1,52.013,Etape 08 - Rennes / Mûr-de-Bretagne,8,1225.695
48.1848,-2.18558,107.9,-2,60.623,Etape 08 - Rennes / Mûr-de-Bretagne,8,1234.305
48.22432,-2.21945,129.6,3,66.496,Etape 08 - Rennes / Mûr-de-Bretagne,8,1240.178
48.26132,-2.23961,130.1,2.2,71.2,Etape 08 - Rennes / Mûr-de-Bretagne,8,1244.882
48.31585,-2.25966,95,0,77.798,Etape 08 - Rennes / Mûr-de-Bretagne,8,1251.48
48.32833,-2.32177,80.6,-1.8,83.146,Etape 08 - Rennes / Mûr-de-Bretagne,8,1256.828
48.34602,-2.36361,72,0.3,87.308,Etape 08 - Rennes / Mûr-de-Bretagne,8,1260.99
48.36025,-2.4173,84.8,-1.9,92.392,Etape 08 - Rennes / Mûr-de-Bretagne,8,1266.074
48.30687,-2.52399,252.5,-4.2,102.887,Etape 08 - Rennes / Mûr-de-Bretagne,8,1276.569
48.32279,-2.58165,329.1,1.6,108.758,Etape 08 - Rennes / Mûr-de-Bretagne,8,1282.44
48.35407,-2.61708,176.9,-6.6,114.131,Etape 08 - Rennes / Mûr-de-Bretagne,8,1287.813
48.33707,-2.64427,194.9,2.1,120.038,Etape 08 - Rennes / Mûr-de-Bretagne,8,1293.72
48.27665,-2.70932,141.7,7.2,129.401,Etape 08 - Rennes / Mûr-de-Bretagne,8,1303.083
48.20343,-2.75251,205.7,2.9,138.611,Etape 08 - Rennes / Mûr-de-Bretagne,8,1312.293
48.18511,-2.75661,178.2,-2.5,140.862,Etape 08 - Rennes / Mûr-de-Bretagne,8,1314.544
48.16386,-2.75338,145,-2.9,143.979,Etape 08 - Rennes / Mûr-de-Bretagne,8,1317.661
48.13019,-2.75898,141.3,1.2,148.076,Etape 08 - Rennes / Mûr-de-Bretagne,8,1321.758
48.07025,-2.75451,71.3,-5.5,156.268,Etape 08 - Rennes / Mûr-de-Bretagne,8,1329.95
48.1052,-2.87526,108.2,-1.8,166.792,Etape 08 - Rennes / Mûr-de-Bretagne,8,1340.474
48.1149,-2.90626,114.5,8.6,169.77,Etape 08 - Rennes / Mûr-de-Bretagne,8,1343.452
48.12385,-2.97112,86,2.1,175.119,Etape 08 - Rennes / Mûr-de-Bretagne,8,1348.801
48.19794,-2.9878,138.7,3.4,184.26,Etape 08 - Rennes / Mûr-de-Bretagne,8,1357.942
48.22571,-2.99773,285.8,-0.3,190.586,Etape 08 - Rennes / Mûr-de-Bretagne,8,1364.268
47.67021,-2.72442,18.3,-1.3,4.413,Etape 09 - Vannes / Plumelec,9,1368.938
47.69002,-2.72773,29.1,-0.9,8.945,Etape 09 - Vannes / Plumelec,9,1373.47
47.74301,-2.68964,121.7,-3.6,15.931,Etape 09 - Vannes / Plumelec,9,1380.456
47.78972,-2.68153,131,1.8,21.396,Etape 09 - Vannes / Plumelec,9,1385.921
47.82133,-2.65568,43.7,-11.4,26.127,Etape 09 - Vannes / Plumelec,9,1390.652
43.24046,0.05869,299.3,-1.8,2.597,Etape 10 - Tarbes / La Pierre-Saint-Martin,10,1395.104
43.24969,0.01709,305,0.9,8.797,Etape 10 - Tarbes / La Pierre-Saint-Martin,10,1401.304
43.25711,-0.09102,408.1,5.6,19.708,Etape 10 - Tarbes / La Pierre-Saint-Martin,10,1412.215
43.29801,-0.14143,390.5,-0.2,26.023,Etape 10 - Tarbes / La Pierre-Saint-Martin,10,1418.53
43.33938,-0.19753,323.1,-1.3,32.933,Etape 10 - Tarbes / La Pierre-Saint-Martin,10,1425.44
43.3427,-0.26593,298.3,1.9,38.997,Etape 10 - Tarbes / La Pierre-Saint-Martin,10,1431.504
43.37107,-0.29995,314,0.7,43.731,Etape 10 - Tarbes / La Pierre-Saint-Martin,10,1436.238
43.41536,-0.34191,282.7,-1.9,50.105,Etape 10 - Tarbes / La Pierre-Saint-Martin,10,1442.612
43.40906,-0.36798,223.9,-7.1,54.386,Etape 10 - Tarbes / La Pierre-Saint-Martin,10,1446.893
43.41158,-0.40697,180.2,1.2,58.588,Etape 10 - Tarbes / La Pierre-Saint-Martin,10,1451.095
43.40555,-0.46506,162.3,-2.3,68.994,Etape 10 - Tarbes / La Pierre-Saint-Martin,10,1461.501
43.40994,-0.50187,256.1,-1.3,73.188,Etape 10 - Tarbes / La Pierre-Saint-Martin,10,1465.695
43.40219,-0.5499,142.7,-1.2,78.049,Etape 10 - Tarbes / La Pierre-Saint-Martin,10,1470.556
43.37748,-0.60318,111.1,-2.9,83.818,Etape 10 - Tarbes / La Pierre-Saint-Martin,10,1476.325
43.36967,-0.63358,151.5,12.2,87.56,Etape 10 - Tarbes / La Pierre-Saint-Martin,10,1480.067
43.35031,-0.68639,149,2.7,93.271,Etape 10 - Tarbes / La Pierre-Saint-Martin,10,1485.778
43.32942,-0.71671,201.9,-6.8,97.439,Etape 10 - Tarbes / La Pierre-Saint-Martin,10,1489.946
43.31577,-0.76872,130.5,3.1,102.83,Etape 10 - Tarbes / La Pierre-Saint-Martin,10,1495.337
43.27508,-0.8079,242.9,2.1,108.978,Etape 10 - Tarbes / La Pierre-Saint-Martin,10,1501.485
43.25055,-0.85645,169.6,0.7,114.774,Etape 10 - Tarbes / La Pierre-Saint-Martin,10,1507.281
43.22002,-0.88875,140.7,-0.6,119.427,Etape 10 - Tarbes / La Pierre-Saint-Martin,10,1511.934
43.15963,-0.89256,191.7,-3.8,126.695,Etape 10 - Tarbes / La Pierre-Saint-Martin,10,1519.202
43.11154,-0.86006,234.1,-3.2,133.255,Etape 10 - Tarbes / La Pierre-Saint-Martin,10,1525.762
43.10051,-0.8091,296.9,4.4,138.293,Etape 10 - Tarbes / La Pierre-Saint-Martin,10,1530.8
43.11314,-0.76396,322.4,5,142.746,Etape 10 - Tarbes / La Pierre-Saint-Martin,10,1535.253
43.10937,-0.7296,305.5,-5.2,147.633,Etape 10 - Tarbes / La Pierre-Saint-Martin,10,1540.14
43.08179,-0.73,354.1,2.2,151.803,Etape 10 - Tarbes / La Pierre-Saint-Martin,10,1544.31
43.04596,-0.7525,478.1,-2.3,157.22,Etape 10 - Tarbes / La Pierre-Saint-Martin,10,1549.727
43.0182,-0.74723,800.5,0.2,161.385,Etape 10 - Tarbes / La Pierre-Saint-Martin,10,1553.892
43.00686,-0.73728,1115,-14.3,164.867,Etape 10 - Tarbes / La Pierre-Saint-Martin,10,1557.374
43.00553,-0.73118,1340.1,5.3,167.27,Etape 10 - Tarbes / La Pierre-Saint-Martin,10,1559.777
42.98491,-0.74292,1479.3,-0.2,170.172,Etape 10 - Tarbes / La Pierre-Saint-Martin,10,1562.679
43.29331,-0.36859,210.7,12.7,0.476,Etape 11 - Pau / Cauterets,11,1565.55
43.28309,-0.36852,182.8,1.9,5.717,Etape 11 - Pau / Cauterets,11,1570.791
43.27364,-0.30823,203.1,-2.2,11.734,Etape 11 - Pau / Cauterets,11,1576.808
43.21789,-0.24668,243.2,2.1,20.035,Etape 11 - Pau / Cauterets,11,1585.109
43.14929,-0.22247,291.6,-0.3,28.275,Etape 11 - Pau / Cauterets,11,1593.349
43.10205,-0.15836,358,-3.1,36.609,Etape 11 - Pau / Cauterets,11,1601.683
43.10101,-0.08708,375.2,-6.6,42.713,Etape 11 - Pau / Cauterets,11,1607.787
43.09557,-0.03461,399.1,0.8,47.743,Etape 11 - Pau / Cauterets,11,1612.817
43.10511,0.03126,388.3,-1.3,53.803,Etape 11 - Pau / Cauterets,11,1618.877
43.11866,0.08121,528.9,7.7,58.562,Etape 11 - Pau / Cauterets,11,1623.636
43.09726,0.12695,488.9,1.6,63.962,Etape 11 - Pau / Cauterets,11,1629.036
43.08091,0.16436,637.9,8.5,70.362,Etape 11 - Pau / Cauterets,11,1635.436
43.11577,0.22913,501.4,-1.6,77.57,Etape 11 - Pau / Cauterets,11,1642.644
43.10996,0.26219,317.6,6.7,80.901,Etape 11 - Pau / Cauterets,11,1645.975
43.11528,0.27698,495,14.4,83.446,Etape 11 - Pau / Cauterets,11,1648.52
43.10232,0.31979,610.3,0.4,87.661,Etape 11 - Pau / Cauterets,11,1652.735
43.08212,0.3755,598.5,-4,93.384,Etape 11 - Pau / Cauterets,11,1658.458
43.01768,0.37409,627.3,-1,101.124,Etape 11 - Pau / Cauterets,11,1666.198
42.99034,0.37476,606.4,0.4,104.547,Etape 11 - Pau / Cauterets,11,1669.621
42.94378,0.37387,656.3,4.8,109.938,Etape 11 - Pau / Cauterets,11,1675.012
42.90952,0.3599,708.6,11.7,114.215,Etape 11 - Pau / Cauterets,11,1679.289
42.91948,0.34937,806.6,5.3,116.503,Etape 11 - Pau / Cauterets,11,1681.577
42.92081,0.35372,944.8,11.8,118.98,Etape 11 - Pau / Cauterets,11,1684.054
42.92801,0.35112,1124.4,10.8,121.621,Etape 11 - Pau / Cauterets,11,1686.695
42.94057,0.34145,1349.6,6.7,124.335,Etape 11 - Pau / Cauterets,11,1689.409
42.94526,0.31961,1452.7,-2.6,126.961,Etape 11 - Pau / Cauterets,11,1692.035
42.9404,0.29601,1264.8,-18.7,129.413,Etape 11 - Pau / Cauterets,11,1694.487
42.9431,0.28161,1096,-8.4,131.828,Etape 11 - Pau / Cauterets,11,1696.902
42.9573,0.2568,991.7,-9,134.605,Etape 11 - Pau / Cauterets,11,1699.679
42.98322,0.22975,859.6,-6.3,138.617,Etape 11 - Pau / Cauterets,11,1703.691
42.96261,0.23041,940.3,6,141.624,Etape 11 - Pau / Cauterets,11,1706.698
42.937,0.20948,1165.3,-14.8,145.123,Etape 11 - Pau / Cauterets,11,1710.197
42.92027,0.20742,1401,6,147.968,Etape 11 - Pau / Cauterets,11,1713.042
42.91184,0.18412,1700,21.6,151.3,Etape 11 - Pau / Cauterets,11,1716.374
42.9075,0.15558,1954,15.1,154.226,Etape 11 - Pau / Cauterets,11,1719.3
42.90681,0.14526,2095.4,14.1,156.191,Etape 11 - Pau / Cauterets,11,1721.265
42.91144,0.13806,1919.2,,158.076,Etape 11 - Pau / Cauterets,11,1723.15
42.90338,0.13115,1802.7,10.3,159.71,Etape 11 - Pau / Cauterets,11,1724.784
42.90638,0.10857,1560.2,-8.5,162.805,Etape 11 - Pau / Cauterets,11,1727.879
42.90158,0.08336,1370.4,-20.1,165.903,Etape 11 - Pau / Cauterets,11,1730.977
42.89011,0.04824,1092.6,-6.3,169.314,Etape 11 - Pau / Cauterets,11,1734.388
42.87895,0.02429,867.8,-7.1,172.453,Etape 11 - Pau / Cauterets,11,1737.527
42.90411,-0.03146,625.6,12.5,179.218,Etape 11 - Pau / Cauterets,11,1744.292
42.92447,-0.04136,606,-34.6,181.806,Etape 11 - Pau / Cauterets,11,1746.88
42.94419,-0.05396,504.6,-2.9,184.536,Etape 11 - Pau / Cauterets,11,1749.61
42.95966,-0.07756,511.5,33.5,187.436,Etape 11 - Pau / Cauterets,11,1752.51
42.94922,-0.08272,588.5,-12.1,189.188,Etape 11 - Pau / Cauterets,11,1754.262
42.93249,-0.08707,677.4,2.7,191.368,Etape 11 - Pau / Cauterets,11,1756.442
42.91994,-0.09185,797.2,7,193.123,Etape 11 - Pau / Cauterets,11,1758.197
43.12241,0.38758,584.1,4.9,0.463,Etape 12 - Lannemezan / Plateau de Beille,12,1762.526
43.09139,0.41089,557.8,1.9,5.162,Etape 12 - Lannemezan / Plateau de Beille,12,1767.225
43.06833,0.46363,479.1,4.8,10.926,Etape 12 - Lannemezan / Plateau de Beille,12,1772.989
43.06641,0.50525,460.9,-1.6,14.827,Etape 12 - Lannemezan / Plateau de Beille,12,1776.89
43.06327,0.53841,485.1,2.8,18.161,Etape 12 - Lannemezan / Plateau de Beille,12,1780.224
43.04369,0.55551,457.7,3.1,21.027,Etape 12 - Lannemezan / Plateau de Beille,12,1783.09
43.03625,0.59614,453.8,1.1,25.52,Etape 12 - Lannemezan / Plateau de Beille,12,1787.583
43.03374,0.62561,501.8,3.8,28.209,Etape 12 - Lannemezan / Plateau de Beille,12,1790.272
43.0368,0.66576,478.5,-7.9,32.066,Etape 12 - Lannemezan / Plateau de Beille,12,1794.129
43.03364,0.71013,421.9,0.9,36.36,Etape 12 - Lannemezan / Plateau de Beille,12,1798.423
43.01417,0.76586,429.1,-1.4,42.554,Etape 12 - Lannemezan / Plateau de Beille,12,1804.617
43.0097,0.79899,446.3,0.6,47.093,Etape 12 - Lannemezan / Plateau de Beille,12,1809.156
42.97823,0.78843,517.7,19.1,51.232,Etape 12 - Lannemezan / Plateau de Beille,12,1813.295
42.95398,0.80371,635.6,-9.4,54.67,Etape 12 - Lannemezan / Plateau de Beille,12,1816.733
42.94574,0.8286,811.9,9.5,57.594,Etape 12 - Lannemezan / Plateau de Beille,12,1819.657
42.9461,0.85609,1050.9,-5.4,60.749,Etape 12 - Lannemezan / Plateau de Beille,12,1822.812
42.93997,0.86682,853.7,-7.3,62.959,Etape 12 - Lannemezan / Plateau de Beille,12,1825.022
42.92944,0.89923,687.3,-6.5,66.57,Etape 12 - Lannemezan / Plateau de Beille,12,1828.633
42.93183,0.92694,639.3,4.4,69.21,Etape 12 - Lannemezan / Plateau de Beille,12,1831.273
42.93672,0.95512,582.8,-1.2,72.171,Etape 12 - Lannemezan / Plateau de Beille,12,1834.234
42.92743,0.99933,532.2,-1.6,76.236,Etape 12 - Lannemezan / Plateau de Beille,12,1838.299
42.90728,1.02905,564.3,7.1,81.418,Etape 12 - Lannemezan / Plateau de Beille,12,1843.481
42.89627,1.04475,696.3,8.2,83.987,Etape 12 - Lannemezan / Plateau de Beille,12,1846.05
42.88663,1.06368,789.3,16.7,86.608,Etape 12 - Lannemezan / Plateau de Beille,12,1848.671
42.87014,1.08629,940.5,5.5,89.675,Etape 12 - Lannemezan / Plateau de Beille,12,1851.738
42.85481,1.09667,1219,27.3,93.25,Etape 12 - Lannemezan / Plateau de Beille,12,1855.313
42.85737,1.10536,1384.3,-1.8,96.278,Etape 12 - Lannemezan / Plateau de Beille,12,1858.341
42.86029,1.12651,1221.5,-24.5,98.878,Etape 12 - Lannemezan / Plateau de Beille,12,1860.941
42.85725,1.15393,1034,7.5,101.433,Etape 12 - Lannemezan / Plateau de Beille,12,1863.496
42.87222,1.16222,849.1,-2.6,104.581,Etape 12 - Lannemezan / Plateau de Beille,12,1866.644
42.87526,1.18053,646.3,-11.1,107.343,Etape 12 - Lannemezan / Plateau de Beille,12,1869.406
42.86812,1.20837,509.5,12.9,110.775,Etape 12 - Lannemezan / Plateau de Beille,12,1872.838
42.90341,1.22162,492.1,0.5,116.576,Etape 12 - Lannemezan / Plateau de Beille,12,1878.639
42.90613,1.24931,502.5,-3.6,119.578,Etape 12 - Lannemezan / Plateau de Beille,12,1881.641
42.90791,1.27423,566.7,25.2,122.985,Etape 12 - Lannemezan / Plateau de Beille,12,1885.048
42.89983,1.30812,582.8,-2.1,126.853,Etape 12 - Lannemezan / Plateau de Beille,12,1888.916
42.88704,1.34991,660.7,-0.7,130.858,Etape 12 - Lannemezan / Plateau de Beille,12,1892.921
42.86863,1.37235,716.3,8.4,134.064,Etape 12 - Lannemezan / Plateau de Beille,12,1896.127
42.85168,1.37228,805.6,-15,136.392,Etape 12 - Lannemezan / Plateau de Beille,12,1898.455
42.83068,1.3803,987,6.4,138.986,Etape 12 - Lannemezan / Plateau de Beille,12,1901.049
42.81953,1.38394,1127,9.9,140.823,Etape 12 - Lannemezan / Plateau de Beille,12,1902.886
42.81022,1.38563,1271.1,-2.7,142.785,Etape 12 - Lannemezan / Plateau de Beille,12,1904.848
42.81119,1.39072,1395.7,10,144.791,Etape 12 - Lannemezan / Plateau de Beille,12,1906.854
42.80713,1.41669,1495.8,-10.1,147.557,Etape 12 - Lannemezan / Plateau de Beille,12,1909.62
42.80606,1.42423,1362.9,-1.9,149.56,Etape 12 - Lannemezan / Plateau de Beille,12,1911.623
42.80316,1.44247,1199.3,-1,151.637,Etape 12 - Lannemezan / Plateau de Beille,12,1913.7
42.79124,1.4526,1017.3,-13.6,154.124,Etape 12 - Lannemezan / Plateau de Beille,12,1916.187
42.77553,1.48503,804.9,-9,157.46,Etape 12 - Lannemezan / Plateau de Beille,12,1919.523
42.77493,1.51756,690.8,-3.6,160.913,Etape 12 - Lannemezan / Plateau de Beille,12,1922.976
42.79742,1.5863,585.9,-7.3,167.342,Etape 12 - Lannemezan / Plateau de Beille,12,1929.405
42.83471,1.60048,503.7,-2.3,172.038,Etape 12 - Lannemezan / Plateau de Beille,12,1934.101
42.79211,1.67598,522.4,1.7,180.555,Etape 12 - Lannemezan / Plateau de Beille,12,1942.618
42.7806,1.68331,620.9,24.7,183.103,Etape 12 - Lannemezan / Plateau de Beille,12,1945.166
42.77033,1.69421,843.3,13.5,185.533,Etape 12 - Lannemezan / Plateau de Beille,12,1947.596
42.76979,1.68945,1018.4,3,187.67,Etape 12 - Lannemezan / Plateau de Beille,12,1949.733
42.766,1.68629,1178.3,20.1,189.596,Etape 12 - Lannemezan / Plateau de Beille,12,1951.659
42.75896,1.68729,1316.5,5.9,191.252,Etape 12 - Lannemezan / Plateau de Beille,12,1953.315
42.75466,1.68107,1513.4,6.3,193.605,Etape 12 - Lannemezan / Plateau de Beille,12,1955.668
42.73913,1.68191,1666.1,,195.831,Etape 12 - Lannemezan / Plateau de Beille,12,1957.894
43.45768,1.32808,163.2,-3.3,0.489,Etape 13 - Muret / Rodez,13,1960.319
43.45207,1.39767,169.3,1.4,6.872,Etape 13 - Muret / Rodez,13,1966.702
43.43507,1.44475,187.9,1.3,11.879,Etape 13 - Muret / Rodez,13,1971.709
43.45447,1.49746,278.4,1.6,17.462,Etape 13 - Muret / Rodez,13,1977.292
43.44898,1.54637,208.8,-10.1,22.097,Etape 13 - Muret / Rodez,13,1981.927
43.469,1.57246,153.4,1.2,26.083,Etape 13 - Muret / Rodez,13,1985.913
43.50082,1.61498,226.9,5.9,31.642,Etape 13 - Muret / Rodez,13,1991.472
43.52896,1.63041,191,-6.5,35.876,Etape 13 - Muret / Rodez,13,1995.706
43.52188,1.70642,181.9,-0.8,43.769,Etape 13 - Muret / Rodez,13,2003.599
43.52492,1.75681,260.1,-1.1,48.325,Etape 13 - Muret / Rodez,13,2008.155
43.5879,1.76775,175.1,-2.2,56.134,Etape 13 - Muret / Rodez,13,2015.964
43.63147,1.78878,266.7,-0.5,62,Etape 13 - Muret / Rodez,13,2021.83
43.64815,1.81998,259.1,-0.8,66.392,Etape 13 - Muret / Rodez,13,2026.222
43.69641,1.81583,140,-0.4,72.514,Etape 13 - Muret / Rodez,13,2032.344
43.74676,1.81945,116.7,-2.5,78.551,Etape 13 - Muret / Rodez,13,2038.381
43.76173,1.89096,160,2.9,84.951,Etape 13 - Muret / Rodez,13,2044.781
43.75954,1.9648,162.7,0.8,91.599,Etape 13 - Muret / Rodez,13,2051.429
43.76421,2.00738,156.6,-3.6,95.513,Etape 13 - Muret / Rodez,13,2055.343
43.7818,2.11438,178.9,0.9,104.541,Etape 13 - Muret / Rodez,13,2064.371
43.80673,2.15709,204.4,0.1,109.957,Etape 13 - Muret / Rodez,13,2069.787
43.84047,2.21836,234.8,2.4,116.54,Etape 13 - Muret / Rodez,13,2076.37
43.86533,2.27523,347.6,5.5,122.729,Etape 13 - Muret / Rodez,13,2082.559
43.8985,2.36066,472.5,11,131.086,Etape 13 - Muret / Rodez,13,2090.916
43.93393,2.37013,361.9,-1.7,136.171,Etape 13 - Muret / Rodez,13,2096.001
43.94339,2.37793,223.7,-4.9,138.954,Etape 13 - Muret / Rodez,13,2098.784
43.95665,2.37092,373.2,11,141.95,Etape 13 - Muret / Rodez,13,2101.78
44.01902,2.40244,467,3.8,150.276,Etape 13 - Muret / Rodez,13,2110.106
44.02827,2.46157,577.4,-4.7,155.683,Etape 13 - Muret / Rodez,13,2115.513
44.03424,2.53227,554.7,1.3,162.705,Etape 13 - Muret / Rodez,13,2122.535
44.05783,2.51534,469.5,4.4,166.255,Etape 13 - Muret / Rodez,13,2126.085
44.091,2.54396,604.2,-2.6,171.172,Etape 13 - Muret / Rodez,13,2131.002
44.11281,2.53434,516.9,9.2,175.195,Etape 13 - Muret / Rodez,13,2135.025
44.12285,2.53284,596.5,4.4,177.726,Etape 13 - Muret / Rodez,13,2137.556
44.16225,2.52882,550.2,3.8,183.043,Etape 13 - Muret / Rodez,13,2142.873
44.17894,2.53473,563.6,1.5,185.647,Etape 13 - Muret / Rodez,13,2145.477
44.20638,2.53132,513.2,14.6,189.474,Etape 13 - Muret / Rodez,13,2149.304
44.23878,2.55074,505.7,-0.8,193.877,Etape 13 - Muret / Rodez,13,2153.707
44.28675,2.55437,686.6,3.2,200.098,Etape 13 - Muret / Rodez,13,2159.928
44.32693,2.55574,622.6,5.1,205.209,Etape 13 - Muret / Rodez,13,2165.039
44.34303,2.56429,521.9,3,207.906,Etape 13 - Muret / Rodez,13,2167.736
44.34671,2.57584,625,5,0.783,Etape 14 - Rodez / Mende,14,2170.826
44.34414,2.58108,529.5,-1.6,3.487,Etape 14 - Rodez / Mende,14,2173.53
44.32838,2.58521,567.8,11.9,5.843,Etape 14 - Rodez / Mende,14,2175.886
44.29118,2.60328,653.6,3.5,10.711,Etape 14 - Rodez / Mende,14,2180.754
44.29066,2.71284,756.5,4.4,21.475,Etape 14 - Rodez / Mende,14,2191.518
44.27654,2.73822,751.9,4.1,24.502,Etape 14 - Rodez / Mende,14,2194.545
44.25371,2.75356,780,2.9,28.459,Etape 14 - Rodez / Mende,14,2198.502
44.21544,2.77666,807.7,-7.3,33.444,Etape 14 - Rodez / Mende,14,2203.487
44.18508,2.78779,823.4,5.1,37.469,Etape 14 - Rodez / Mende,14,2207.512
44.16099,2.80702,983.6,0.7,41.674,Etape 14 - Rodez / Mende,14,2211.717
44.14993,2.86705,976.5,7.4,47.539,Etape 14 - Rodez / Mende,14,2217.582
44.12171,2.892,915.2,-3.9,52.21,Etape 14 - Rodez / Mende,14,2222.253
44.09998,2.9004,721.9,-1.4,55.52,Etape 14 - Rodez / Mende,14,2225.563
44.07635,2.90006,605.2,-5.1,58.642,Etape 14 - Rodez / Mende,14,2228.685
44.06204,2.91297,422.1,-5.3,61.868,Etape 14 - Rodez / Mende,14,2231.911
44.06453,2.91571,341.3,7.1,65.549,Etape 14 - Rodez / Mende,14,2235.592
44.07233,2.92817,370.2,3.5,69.447,Etape 14 - Rodez / Mende,14,2239.49
44.09372,2.97218,339.5,-1.9,75.061,Etape 14 - Rodez / Mende,14,2245.104
44.08452,3.01605,348.9,1.4,80.099,Etape 14 - Rodez / Mende,14,2250.142
44.09192,3.0629,364.4,-2.7,84.741,Etape 14 - Rodez / Mende,14,2254.784
44.11552,3.08404,365.7,-0.9,88.525,Etape 14 - Rodez / Mende,14,2258.568
44.15164,3.09793,374.6,-13.5,93.173,Etape 14 - Rodez / Mende,14,2263.216
44.1757,3.12447,389.5,-0.6,97.21,Etape 14 - Rodez / Mende,14,2267.253
44.20153,3.15699,392.8,-7,102.349,Etape 14 - Rodez / Mende,14,2272.392
44.19774,3.18907,393.5,-4,105.625,Etape 14 - Rodez / Mende,14,2275.668
44.20716,3.21979,415.2,9.5,109.09,Etape 14 - Rodez / Mende,14,2279.133
44.23363,3.2304,416.9,2.5,112.423,Etape 14 - Rodez / Mende,14,2282.466
44.2637,3.22598,425.9,-4.7,115.914,Etape 14 - Rodez / Mende,14,2285.957
44.28903,3.23682,432.3,2.4,119.088,Etape 14 - Rodez / Mende,14,2289.131
44.30686,3.24538,496.9,,121.537,Etape 14 - Rodez / Mende,14,2291.58
44.30178,3.27368,457.8,11.4,124.157,Etape 14 - Rodez / Mende,14,2294.2
44.30042,3.29106,478.3,5.3,125.998,Etape 14 - Rodez / Mende,14,2296.041
44.30093,3.31467,473.3,-7,128.588,Etape 14 - Rodez / Mende,14,2298.631
44.32211,3.3456,476.7,-9.1,132.363,Etape 14 - Rodez / Mende,14,2302.406
44.33789,3.36117,508,28.7,134.951,Etape 14 - Rodez / Mende,14,2304.994
44.3372,3.38165,518.6,,137.534,Etape 14 - Rodez / Mende,14,2307.577
44.35223,3.39819,489.4,7.8,140.01,Etape 14 - Rodez / Mende,14,2310.053
44.36659,3.40955,492.1,4.4,142.465,Etape 14 - Rodez / Mende,14,2312.508
44.36128,3.40488,604.5,,144.493,Etape 14 - Rodez / Mende,14,2314.536
44.37786,3.4188,761.1,9.8,147.107,Etape 14 - Rodez / Mende,14,2317.15
44.40869,3.43972,1014.1,-4.5,151.443,Etape 14 - Rodez / Mende,14,2321.486
44.45575,3.44967,976.9,0.7,157.06,Etape 14 - Rodez / Mende,14,2327.103
44.47549,3.45071,783.9,-10,160.335,Etape 14 - Rodez / Mende,14,2330.378
44.48235,3.4567,697.8,11.9,162.408,Etape 14 - Rodez / Mende,14,2332.451
44.48559,3.42418,682.4,-3.7,165.891,Etape 14 - Rodez / Mende,14,2335.934
44.50317,3.40919,660.5,-8,168.943,Etape 14 - Rodez / Mende,14,2338.986
44.53068,3.44133,799.7,-10.7,173.319,Etape 14 - Rodez / Mende,14,2343.362
44.52483,3.48164,789.6,-8.3,177.251,Etape 14 - Rodez / Mende,14,2347.294
44.51011,3.50322,819.2,-8.8,180.069,Etape 14 - Rodez / Mende,14,2350.112
44.50757,3.5272,1028.5,-6.4,182.763,Etape 14 - Rodez / Mende,14,2352.806
44.52448,3.52133,736.8,2.5,2.685,Etape 15 - Mende / Valence,15,2355.819
44.53293,3.55849,777.1,-7.7,6.826,Etape 15 - Mende / Valence,15,2359.96
44.53507,3.58026,897.7,21.6,9.808,Etape 15 - Mende / Valence,15,2362.942
44.53975,3.60869,1036.5,4.6,12.766,Etape 15 - Mende / Valence,15,2365.9
44.56272,3.62295,1137.4,5.4,16.065,Etape 15 - Mende / Valence,15,2369.199
44.58372,3.64297,1208.7,9.2,19.559,Etape 15 - Mende / Valence,15,2372.693
44.5911,3.67268,1221,-5.2,22.539,Etape 15 - Mende / Valence,15,2375.673
44.56878,3.7415,1173.3,-3,29.577,Etape 15 - Mende / Valence,15,2382.711
44.5591,3.77027,1144.5,-3.1,32.864,Etape 15 - Mende / Valence,15,2385.998
44.54914,3.81262,1100.8,2.5,37.066,Etape 15 - Mende / Valence,15,2390.2
44.55214,3.83483,1168.8,8.8,39.231,Etape 15 - Mende / Valence,15,2392.365
44.56943,3.86404,1104.6,-12.3,42.761,Etape 15 - Mende / Valence,15,2395.895
44.58361,3.89727,1041.9,-0.6,46.897,Etape 15 - Mende / Valence,15,2400.031
44.61344,3.90148,996.4,-3,51.026,Etape 15 - Mende / Valence,15,2404.16
44.64292,3.89424,982.3,-1,55.099,Etape 15 - Mende / Valence,15,2408.233
44.65028,3.89837,980.1,-1.4,58.342,Etape 15 - Mende / Valence,15,2411.476
44.65247,3.93654,997.9,5.2,61.944,Etape 15 - Mende / Valence,15,2415.078
44.64034,3.99802,1071.6,-5.3,67.472,Etape 15 - Mende / Valence,15,2420.606
44.63936,4.04907,1219.6,3.2,71.751,Etape 15 - Mende / Valence,15,2424.885
44.63557,4.07663,1212.4,-3.1,74.626,Etape 15 - Mende / Valence,15,2427.76
44.63547,4.10718,1234.5,-14.1,77.428,Etape 15 - Mende / Valence,15,2430.562
44.63288,4.11239,1135.4,-3,79.341,Etape 15 - Mende / Valence,15,2432.475
44.63008,4.12611,1020.7,7.4,81.152,Etape 15 - Mende / Valence,15,2434.286
44.6345,4.1405,915,7.3,83.245,Etape 15 - Mende / Valence,15,2436.379
44.63376,4.15108,814,,84.951,Etape 15 - Mende / Valence,15,2438.085
44.63127,4.16833,704.1,10.7,86.627,Etape 15 - Mende / Valence,15,2439.761
44.63099,4.18184,612.4,-22.9,88.38,Etape 15 - Mende / Valence,15,2441.514
44.62815,4.2032,519.1,-0.2,90.709,Etape 15 - Mende / Valence,15,2443.843
44.62931,4.2407,417.9,-6.1,94.995,Etape 15 - Mende / Valence,15,2448.129
44.63526,4.27877,373.7,-14.9,98.944,Etape 15 - Mende / Valence,15,2452.078
44.64433,4.32606,268,0.3,103.25,Etape 15 - Mende / Valence,15,2456.384
44.64895,4.36491,253.6,-2,106.789,Etape 15 - Mende / Valence,15,2459.923
44.62335,4.38382,297.3,-12.8,110.225,Etape 15 - Mende / Valence,15,2463.359
44.62727,4.39526,215.3,16.2,113.874,Etape 15 - Mende / Valence,15,2467.008
44.65756,4.44857,288.4,3.5,120.413,Etape 15 - Mende / Valence,15,2473.547
44.70372,4.48184,621.4,12.1,126.585,Etape 15 - Mende / Valence,15,2479.719
44.72342,4.49533,752.9,-1.1,129.97,Etape 15 - Mende / Valence,15,2483.104
44.71947,4.53159,576.1,2.7,134.142,Etape 15 - Mende / Valence,15,2487.276
44.72646,4.55311,448.3,-6.8,137.097,Etape 15 - Mende / Valence,15,2490.231
44.73509,4.59613,312.6,0,141.044,Etape 15 - Mende / Valence,15,2494.178
44.7361,4.6274,198.9,-10.4,144.209,Etape 15 - Mende / Valence,15,2497.343
44.75137,4.68868,132,-1.3,149.9,Etape 15 - Mende / Valence,15,2503.034
44.75604,4.74962,92.3,-4.9,155.346,Etape 15 - Mende / Valence,15,2508.48
44.81264,4.80086,91.2,-3.1,163.042,Etape 15 - Mende / Valence,15,2516.176
44.8557,4.83036,108.4,-3.1,168.637,Etape 15 - Mende / Valence,15,2521.771
44.91694,4.8561,110,1,176.032,Etape 15 - Mende / Valence,15,2529.166
44.92466,4.90342,124.4,-0.4,181.932,Etape 15 - Mende / Valence,15,2535.066
44.9399,4.91599,152.3,6.3,185.978,Etape 15 - Mende / Valence,15,2539.112
45.0401,5.04477,140.5,-0.6,2.56,Etape 16 - Bourg-de-Péage / Gap,16,2541.957
45.04351,5.02334,160,-0.8,5.294,Etape 16 - Bourg-de-Péage / Gap,16,2544.691
45.05201,4.94775,147.5,-1,11.65,Etape 16 - Bourg-de-Péage / Gap,16,2551.047
45.01412,4.93472,138.5,-18.3,16.738,Etape 16 - Bourg-de-Péage / Gap,16,2556.135
44.97778,4.95916,168.1,-17,22.154,Etape 16 - Bourg-de-Péage / Gap,16,2561.551
44.95018,4.98301,165.5,1,26.6,Etape 16 - Bourg-de-Péage / Gap,16,2565.997
44.92861,5.02275,208.9,0.4,31.692,Etape 16 - Bourg-de-Péage / Gap,16,2571.089
44.89157,5.01678,196.1,-4,36.707,Etape 16 - Bourg-de-Péage / Gap,16,2576.104
44.80704,5.01339,248.4,0.2,46.379,Etape 16 - Bourg-de-Péage / Gap,16,2585.776
44.7387,5.00386,182.5,-1.8,54.66,Etape 16 - Bourg-de-Péage / Gap,16,2594.057
44.7167,5.05505,213.4,0.3,59.63,Etape 16 - Bourg-de-Péage / Gap,16,2599.027
44.69858,5.12872,232.5,-0.3,66.18,Etape 16 - Bourg-de-Péage / Gap,16,2605.577
44.69052,5.21824,275,0.3,73.835,Etape 16 - Bourg-de-Péage / Gap,16,2613.232
44.74892,5.26341,335.4,,83.126,Etape 16 - Bourg-de-Péage / Gap,16,2622.523
44.76659,5.32507,367.9,-2.1,89.462,Etape 16 - Bourg-de-Péage / Gap,16,2628.859
44.75046,5.37305,403,5.5,94.274,Etape 16 - Bourg-de-Péage / Gap,16,2633.671
44.70437,5.39894,443,1.1,100.417,Etape 16 - Bourg-de-Péage / Gap,16,2639.814
44.61512,5.45245,567.9,5,112.159,Etape 16 - Bourg-de-Péage / Gap,16,2651.556
44.60154,5.4622,634.3,,114.986,Etape 16 - Bourg-de-Péage / Gap,16,2654.383
44.54975,5.53723,689.4,7.3,123.93,Etape 16 - Bourg-de-Péage / Gap,16,2663.327
44.56584,5.56008,831,4.9,129.176,Etape 16 - Bourg-de-Péage / Gap,16,2668.573
44.55848,5.58092,965,9.5,131.807,Etape 16 - Bourg-de-Péage / Gap,16,2671.204
44.5524,5.59137,1114.8,2.9,134.913,Etape 16 - Bourg-de-Péage / Gap,16,2674.31
44.55012,5.60321,1159.1,0.1,136.839,Etape 16 - Bourg-de-Péage / Gap,16,2676.236
44.55422,5.62795,938.4,,140.333,Etape 16 - Bourg-de-Péage / Gap,16,2679.73
44.52006,5.70253,781.9,3.7,147.813,Etape 16 - Bourg-de-Péage / Gap,16,2687.21
44.52165,5.74886,775.7,-5.6,152.548,Etape 16 - Bourg-de-Péage / Gap,16,2691.945
44.50997,5.76907,803.4,-2.8,155.68,Etape 16 - Bourg-de-Péage / Gap,16,2695.077
44.55183,5.86464,858,0,164.811,Etape 16 - Bourg-de-Péage / Gap,16,2704.208
44.53987,6.01678,973.6,-3.5,178.191,Etape 16 - Bourg-de-Péage / Gap,16,2717.588
44.54837,6.0374,941.1,6.2,181.487,Etape 16 - Bourg-de-Péage / Gap,16,2720.884
44.55702,6.06372,813.2,6.3,184.347,Etape 16 - Bourg-de-Péage / Gap,16,2723.744
44.57352,6.08338,816.6,13.7,187.466,Etape 16 - Bourg-de-Péage / Gap,16,2726.863
44.58387,6.08177,979.1,,189.464,Etape 16 - Bourg-de-Péage / Gap,16,2728.861
44.60153,6.11072,1145.8,7.4,193.175,Etape 16 - Bourg-de-Péage / Gap,16,2732.572
44.61205,6.13411,1270.7,2.8,195.863,Etape 16 - Bourg-de-Péage / Gap,16,2735.26
44.59376,6.15204,1158.4,-6.3,198.951,Etape 16 - Bourg-de-Péage / Gap,16,2738.348
44.58578,6.13547,951.5,-8.6,201.671,Etape 16 - Bourg-de-Péage / Gap,16,2741.068
44.57477,6.1108,771.6,-0.8,204.719,Etape 16 - Bourg-de-Péage / Gap,16,2744.116
44.08066,6.22186,589.3,5,1.701,Etape 17 - Digne-les-Bains / Pra Loup,17,2748.216
44.05397,6.20756,677.4,-0.2,5.461,Etape 17 - Digne-les-Bains / Pra Loup,17,2751.976
44.02859,6.20603,714.9,-3.5,9.224,Etape 17 - Digne-les-Bains / Pra Loup,17,2755.739
44.01573,6.23427,618.8,1.6,13.432,Etape 17 - Digne-les-Bains / Pra Loup,17,2759.947
44.00316,6.28611,638,-3.6,18.522,Etape 17 - Digne-les-Bains / Pra Loup,17,2765.037
43.98094,6.30392,667.6,-9.8,21.66,Etape 17 - Digne-les-Bains / Pra Loup,17,2768.175
43.96069,6.33792,709.3,7.6,25.833,Etape 17 - Digne-les-Bains / Pra Loup,17,2772.348
43.93409,6.38878,746.2,3.3,31.497,Etape 17 - Digne-les-Bains / Pra Loup,17,2778.012
43.89329,6.42109,807.2,0,37.063,Etape 17 - Digne-les-Bains / Pra Loup,17,2783.578
43.88161,6.43889,934.4,30.7,39.597,Etape 17 - Digne-les-Bains / Pra Loup,17,2786.112
43.87749,6.44394,1043.6,-34.3,41.007,Etape 17 - Digne-les-Bains / Pra Loup,17,2787.522
43.86647,6.45934,1134.2,13.5,43.48,Etape 17 - Digne-les-Bains / Pra Loup,17,2789.995
43.86515,6.47982,1083.7,-2.1,45.72,Etape 17 - Digne-les-Bains / Pra Loup,17,2792.235
43.86586,6.48847,995,-5.4,47.307,Etape 17 - Digne-les-Bains / Pra Loup,17,2793.822
43.86042,6.49125,874.7,16.7,49.425,Etape 17 - Digne-les-Bains / Pra Loup,17,2795.94
43.85562,6.50037,752.2,-4.3,51.361,Etape 17 - Digne-les-Bains / Pra Loup,17,2797.876
43.86488,6.51003,826.2,9.1,53.881,Etape 17 - Digne-les-Bains / Pra Loup,17,2800.396
43.87569,6.531,892.7,2,57.192,Etape 17 - Digne-les-Bains / Pra Loup,17,2803.707
43.88253,6.5403,889.8,3,58.921,Etape 17 - Digne-les-Bains / Pra Loup,17,2805.436
43.89579,6.54045,900.8,1.7,60.913,Etape 17 - Digne-les-Bains / Pra Loup,17,2807.428
43.90522,6.54264,923.1,-20.7,62.483,Etape 17 - Digne-les-Bains / Pra Loup,17,2808.998
43.91363,6.5452,922,2.8,64.38,Etape 17 - Digne-les-Bains / Pra Loup,17,2810.895
43.91384,6.57497,1022.9,7,66.991,Etape 17 - Digne-les-Bains / Pra Loup,17,2813.506
43.91538,6.6068,1084.1,6.1,69.908,Etape 17 - Digne-les-Bains / Pra Loup,17,2816.423
43.933,6.6305,1007.8,-7,72.866,Etape 17 - Digne-les-Bains / Pra Loup,17,2819.381
43.933,6.65087,891.5,-14.1,75.329,Etape 17 - Digne-les-Bains / Pra Loup,17,2821.844
43.93355,6.67099,836.5,-12.8,77.322,Etape 17 - Digne-les-Bains / Pra Loup,17,2823.837
43.94267,6.6898,740.4,-14.8,79.447,Etape 17 - Digne-les-Bains / Pra Loup,17,2825.962
43.95625,6.67987,668,0.4,81.758,Etape 17 - Digne-les-Bains / Pra Loup,17,2828.273
43.98196,6.65037,794.2,9.3,85.725,Etape 17 - Digne-les-Bains / Pra Loup,17,2832.24
44.01108,6.63456,898,2.7,89.478,Etape 17 - Digne-les-Bains / Pra Loup,17,2835.993
44.01261,6.62878,1024.4,-3.9,91.972,Etape 17 - Digne-les-Bains / Pra Loup,17,2838.487
44.028,6.61607,1164.8,5,94.655,Etape 17 - Digne-les-Bains / Pra Loup,17,2841.17
44.03709,6.60713,1298.8,-2.7,96.989,Etape 17 - Digne-les-Bains / Pra Loup,17,2843.504
44.05278,6.58823,1395.8,17.3,101.038,Etape 17 - Digne-les-Bains / Pra Loup,17,2847.553
44.06099,6.57978,1271.9,-32.4,103.613,Etape 17 - Digne-les-Bains / Pra Loup,17,2850.128
44.07592,6.57356,1174.8,-7.8,106.13,Etape 17 - Digne-les-Bains / Pra Loup,17,2852.645
44.10144,6.56909,1084.8,-4.7,109.269,Etape 17 - Digne-les-Bains / Pra Loup,17,2855.784
44.14995,6.59842,1164.3,0,115.442,Etape 17 - Digne-les-Bains / Pra Loup,17,2861.957
44.18131,6.62773,1248.3,-1.1,119.999,Etape 17 - Digne-les-Bains / Pra Loup,17,2866.514
44.19737,6.63626,1322,16.1,122.322,Etape 17 - Digne-les-Bains / Pra Loup,17,2868.837
44.22691,6.63244,1377.6,1.3,125.782,Etape 17 - Digne-les-Bains / Pra Loup,17,2872.297
44.24524,6.6176,1452.3,4.6,128.688,Etape 17 - Digne-les-Bains / Pra Loup,17,2875.203
44.25384,6.59655,1539.1,-5.9,130.896,Etape 17 - Digne-les-Bains / Pra Loup,17,2877.411
44.2727,6.57894,1680,23.3,133.606,Etape 17 - Digne-les-Bains / Pra Loup,17,2880.121
44.29112,6.56929,1787.3,-9.5,136.02,Etape 17 - Digne-les-Bains / Pra Loup,17,2882.535
44.29763,6.57246,1915.6,-12.4,138.143,Etape 17 - Digne-les-Bains / Pra Loup,17,2884.658
44.29916,6.57822,2005.5,-0.1,139.469,Etape 17 - Digne-les-Bains / Pra Loup,17,2885.984
44.29993,6.5869,2136.3,17.1,141.205,Etape 17 - Digne-les-Bains / Pra Loup,17,2887.72
44.29848,6.59217,2237.8,7.1,142.677,Etape 17 - Digne-les-Bains / Pra Loup,17,2889.192
44.30952,6.59718,2129.6,-18.1,144.643,Etape 17 - Digne-les-Bains / Pra Loup,17,2891.158
44.31547,6.59361,2002.1,20.5,146.456,Etape 17 - Digne-les-Bains / Pra Loup,17,2892.971
44.32338,6.60279,1900.5,-12.7,148.077,Etape 17 - Digne-les-Bains / Pra Loup,17,2894.592
44.32887,6.59196,1775.4,-4.6,149.786,Etape 17 - Digne-les-Bains / Pra Loup,17,2896.301
44.33517,6.58391,1685.3,23.8,151.338,Etape 17 - Digne-les-Bains / Pra Loup,17,2897.853
44.33427,6.60014,1597.9,23.6,153.125,Etape 17 - Digne-les-Bains / Pra Loup,17,2899.64
44.33308,6.6101,1533.9,45.6,154.379,Etape 17 - Digne-les-Bains / Pra Loup,17,2900.894
44.3458,6.61669,1435.8,18.5,156.006,Etape 17 - Digne-les-Bains / Pra Loup,17,2902.521
44.35929,6.62187,1290,-12.5,157.968,Etape 17 - Digne-les-Bains / Pra Loup,17,2904.483
44.36733,6.61924,1367.5,24,160.852,Etape 17 - Digne-les-Bains / Pra Loup,17,2907.367
44.36909,6.60555,1590.8,6,164.524,Etape 17 - Digne-les-Bains / Pra Loup,17,2911.039
44.57284,6.08156,806.9,4.6,3.134,Etape 18 - Gap / Saint-Jean-de-Maurienne,18,2914.727
44.58435,6.08307,975.1,19.9,5.73,Etape 18 - Gap / Saint-Jean-de-Maurienne,18,2917.323
44.60434,6.08116,1224.2,-0.2,8.839,Etape 18 - Gap / Saint-Jean-de-Maurienne,18,2920.432
44.67508,6.07251,971.7,-1.5,17.094,Etape 18 - Gap / Saint-Jean-de-Maurienne,18,2928.687
44.73246,6.00455,855.6,-6.1,25.782,Etape 18 - Gap / Saint-Jean-de-Maurienne,18,2937.375
44.7731,6.0191,834.3,-7.5,31.705,Etape 18 - Gap / Saint-Jean-de-Maurienne,18,2943.298
44.79654,5.97794,850.6,8.8,36.901,Etape 18 - Gap / Saint-Jean-de-Maurienne,18,2948.494
44.8055,5.95609,939.2,3.6,39.281,Etape 18 - Gap / Saint-Jean-de-Maurienne,18,2950.874
44.81961,5.94707,937.8,-3.7,41.346,Etape 18 - Gap / Saint-Jean-de-Maurienne,18,2952.939
44.83195,5.91295,923.6,-5.9,45.504,Etape 18 - Gap / Saint-Jean-de-Maurienne,18,2957.097
44.83239,5.8914,911.1,2.7,48.147,Etape 18 - Gap / Saint-Jean-de-Maurienne,18,2959.74
44.85047,5.85834,863.2,-4.9,51.765,Etape 18 - Gap / Saint-Jean-de-Maurienne,18,2963.358
44.87001,5.84098,834.5,-9,55.707,Etape 18 - Gap / Saint-Jean-de-Maurienne,18,2967.3
44.89347,5.82186,749.2,-11.9,59.239,Etape 18 - Gap / Saint-Jean-de-Maurienne,18,2970.832
44.89915,5.81249,659.6,19,61.839,Etape 18 - Gap / Saint-Jean-de-Maurienne,18,2973.432
44.89841,5.80628,763.6,5.6,63.535,Etape 18 - Gap / Saint-Jean-de-Maurienne,18,2975.128
44.9201,5.78379,895.5,-1.3,67.333,Etape 18 - Gap / Saint-Jean-de-Maurienne,18,2978.926
44.93499,5.82735,953.9,1.3,72.009,Etape 18 - Gap / Saint-Jean-de-Maurienne,18,2983.602
44.92891,5.84288,1153.9,19.7,74.176,Etape 18 - Gap / Saint-Jean-de-Maurienne,18,2985.769
44.9422,5.85615,991.4,-19.2,77.137,Etape 18 - Gap / Saint-Jean-de-Maurienne,18,2988.73
44.96138,5.87272,992.5,9.4,79.895,Etape 18 - Gap / Saint-Jean-de-Maurienne,18,2991.488
44.99224,5.88292,1066.1,-0.3,83.703,Etape 18 - Gap / Saint-Jean-de-Maurienne,18,2995.296
45.01402,5.87451,1236.8,9.7,87.042,Etape 18 - Gap / Saint-Jean-de-Maurienne,18,2998.635
45.03106,5.85375,1354.6,-3.3,89.979,Etape 18 - Gap / Saint-Jean-de-Maurienne,18,3001.572
45.04114,5.84486,1167.5,1.2,93.352,Etape 18 - Gap / Saint-Jean-de-Maurienne,18,3004.945
45.04694,5.84516,966.7,6.4,96.382,Etape 18 - Gap / Saint-Jean-de-Maurienne,18,3007.975
45.04394,5.83555,700.3,-18.4,99.877,Etape 18 - Gap / Saint-Jean-de-Maurienne,18,3011.47
45.04506,5.82412,500.9,4.8,102.492,Etape 18 - Gap / Saint-Jean-de-Maurienne,18,3014.085
45.04748,5.83162,400.7,-14.2,104.085,Etape 18 - Gap / Saint-Jean-de-Maurienne,18,3015.678
45.07179,5.87407,461.9,5.3,109.02,Etape 18 - Gap / Saint-Jean-de-Maurienne,18,3020.613
45.09794,5.915,586.2,2.1,113.708,Etape 18 - Gap / Saint-Jean-de-Maurienne,18,3025.301
45.1164,5.96277,714.7,6,118.578,Etape 18 - Gap / Saint-Jean-de-Maurienne,18,3030.171
45.12797,6.04395,742.5,11.4,125.687,Etape 18 - Gap / Saint-Jean-de-Maurienne,18,3037.28
45.14582,6.05348,816.9,11.5,129.006,Etape 18 - Gap / Saint-Jean-de-Maurienne,18,3040.599
45.17237,6.03803,977.8,-0.8,132.38,Etape 18 - Gap / Saint-Jean-de-Maurienne,18,3043.973
45.1997,6.0391,1263,7.8,135.583,Etape 18 - Gap / Saint-Jean-de-Maurienne,18,3047.176
45.21098,6.0509,1271.2,-35.1,137.469,Etape 18 - Gap / Saint-Jean-de-Maurienne,18,3049.062
45.20242,6.07667,1345.9,13.6,140.374,Etape 18 - Gap / Saint-Jean-de-Maurienne,18,3051.967
45.20648,6.10548,1638.2,-11.2,143.874,Etape 18 - Gap / Saint-Jean-de-Maurienne,18,3055.467
45.22004,6.13548,1785.8,-9.7,147.333,Etape 18 - Gap / Saint-Jean-de-Maurienne,18,3058.926
45.23214,6.16354,1798.9,8.8,150.123,Etape 18 - Gap / Saint-Jean-de-Maurienne,18,3061.716
45.24197,6.17563,1859.5,-1.7,152.424,Etape 18 - Gap / Saint-Jean-de-Maurienne,18,3064.017
45.24633,6.17562,1668.2,3.3,154.207,Etape 18 - Gap / Saint-Jean-de-Maurienne,18,3065.8
45.2619,6.19649,1470.4,-0.6,156.876,Etape 18 - Gap / Saint-Jean-de-Maurienne,18,3068.469
45.27309,6.20186,1309.9,8.5,158.591,Etape 18 - Gap / Saint-Jean-de-Maurienne,18,3070.184
45.29238,6.22191,1108.1,5.1,161.524,Etape 18 - Gap / Saint-Jean-de-Maurienne,18,3073.117
45.30018,6.24574,1017.2,-0.2,163.85,Etape 18 - Gap / Saint-Jean-de-Maurienne,18,3075.443
45.31032,6.25686,901.2,-12.8,165.602,Etape 18 - Gap / Saint-Jean-de-Maurienne,18,3077.195
45.3147,6.26581,763.3,-8.8,167.429,Etape 18 - Gap / Saint-Jean-de-Maurienne,18,3079.022
45.33366,6.28792,542.4,-4.7,170.404,Etape 18 - Gap / Saint-Jean-de-Maurienne,18,3081.997
45.3153,6.32873,491.6,11.4,175.942,Etape 18 - Gap / Saint-Jean-de-Maurienne,18,3087.535
45.31708,6.33767,559.4,-22,178.109,Etape 18 - Gap / Saint-Jean-de-Maurienne,18,3089.702
45.31829,6.33686,652.2,,179.3,Etape 18 - Gap / Saint-Jean-de-Maurienne,18,3090.893
45.32017,6.34523,785.6,3.7,180.835,Etape 18 - Gap / Saint-Jean-de-Maurienne,18,3092.428
45.30612,6.36126,768.4,-4.6,183.447,Etape 18 - Gap / Saint-Jean-de-Maurienne,18,3095.04
45.30125,6.36305,609,-6.6,185.425,Etape 18 - Gap / Saint-Jean-de-Maurienne,18,3097.018
45.27736,6.36359,533.7,-7.1,189.112,Etape 18 - Gap / Saint-Jean-de-Maurienne,18,3100.705
45.27939,6.34537,557.8,-5.9,0.6,Etape 19 - Saint-Jean-de-Maurienne / La Toussuire,19,3103.274
45.30078,6.36322,602.2,-7,4.07,Etape 19 - Saint-Jean-de-Maurienne / La Toussuire,19,3106.744
45.30464,6.36509,745.1,-5.9,5.848,Etape 19 - Saint-Jean-de-Maurienne / La Toussuire,19,3108.522
45.32004,6.34711,779.8,7.2,8.649,Etape 19 - Saint-Jean-de-Maurienne / La Toussuire,19,3111.323
45.32441,6.34416,931.9,30,10.696,Etape 19 - Saint-Jean-de-Maurienne / La Toussuire,19,3113.37
45.33222,6.33556,1135.1,-4,13.511,Etape 19 - Saint-Jean-de-Maurienne / La Toussuire,19,3116.185
45.337,6.36077,1417.1,21.6,17.117,Etape 19 - Saint-Jean-de-Maurienne / La Toussuire,19,3119.791
45.34783,6.35615,1528.6,-4.9,19.375,Etape 19 - Saint-Jean-de-Maurienne / La Toussuire,19,3122.049
45.36513,6.36262,1348.2,-11.3,22.421,Etape 19 - Saint-Jean-de-Maurienne / La Toussuire,19,3125.095
45.37198,6.3473,1147.1,-4.3,25.191,Etape 19 - Saint-Jean-de-Maurienne / La Toussuire,19,3127.865
45.37108,6.32732,974.4,28.4,27.95,Etape 19 - Saint-Jean-de-Maurienne / La Toussuire,19,3130.624
45.3694,6.32055,721.9,-15.6,30.569,Etape 19 - Saint-Jean-de-Maurienne / La Toussuire,19,3133.243
45.35994,6.29991,474.1,-5.1,33.877,Etape 19 - Saint-Jean-de-Maurienne / La Toussuire,19,3136.551
45.38983,6.28049,441.7,1.5,38.335,Etape 19 - Saint-Jean-de-Maurienne / La Toussuire,19,3141.009
45.42593,6.27947,454.5,-4.8,42.626,Etape 19 - Saint-Jean-de-Maurienne / La Toussuire,19,3145.3
45.46041,6.29299,365.5,2,46.911,Etape 19 - Saint-Jean-de-Maurienne / La Toussuire,19,3149.585
45.43495,6.27939,383.5,3.5,50.365,Etape 19 - Saint-Jean-de-Maurienne / La Toussuire,19,3153.039
45.41554,6.26816,482.4,-6.8,52.998,Etape 19 - Saint-Jean-de-Maurienne / La Toussuire,19,3155.672
45.39162,6.26595,436.2,-6.4,56.024,Etape 19 - Saint-Jean-de-Maurienne / La Toussuire,19,3158.698
45.35942,6.28576,441.3,3.3,60.484,Etape 19 - Saint-Jean-de-Maurienne / La Toussuire,19,3163.158
45.32828,6.28058,612.3,10,65.455,Etape 19 - Saint-Jean-de-Maurienne / La Toussuire,19,3168.129
45.31542,6.26517,795.3,8.9,67.997,Etape 19 - Saint-Jean-de-Maurienne / La Toussuire,19,3170.671
45.30617,6.25518,937.5,0.4,69.9,Etape 19 - Saint-Jean-de-Maurienne / La Toussuire,19,3172.574
45.29859,6.24055,1091.8,7.7,71.622,Etape 19 - Saint-Jean-de-Maurienne / La Toussuire,19,3174.296
45.28755,6.21766,1138.6,0.9,74.169,Etape 19 - Saint-Jean-de-Maurienne / La Toussuire,19,3176.843
45.26955,6.19974,1347.6,2.7,76.813,Etape 19 - Saint-Jean-de-Maurienne / La Toussuire,19,3179.487
45.25876,6.19194,1524.3,13.4,78.698,Etape 19 - Saint-Jean-de-Maurienne / La Toussuire,19,3181.372
45.24457,6.17509,1713.4,18.5,81.168,Etape 19 - Saint-Jean-de-Maurienne / La Toussuire,19,3183.842
45.23968,6.17554,1917.6,8.8,83.127,Etape 19 - Saint-Jean-de-Maurienne / La Toussuire,19,3185.801
45.22748,6.20388,2063.7,-8.3,86.043,Etape 19 - Saint-Jean-de-Maurienne / La Toussuire,19,3188.717
45.22731,6.21358,1883.4,6.5,88.33,Etape 19 - Saint-Jean-de-Maurienne / La Toussuire,19,3191.004
45.222,6.21645,1674.3,-13.4,90.904,Etape 19 - Saint-Jean-de-Maurienne / La Toussuire,19,3193.578
45.22104,6.23508,1510.5,-2.9,93.071,Etape 19 - Saint-Jean-de-Maurienne / La Toussuire,19,3195.745
45.20117,6.27198,1361.9,1,96.961,Etape 19 - Saint-Jean-de-Maurienne / La Toussuire,19,3199.635
45.19359,6.29657,1243.6,-8.1,99.52,Etape 19 - Saint-Jean-de-Maurienne / La Toussuire,19,3202.194
45.20179,6.31856,1376.1,-9.4,101.864,Etape 19 - Saint-Jean-de-Maurienne / La Toussuire,19,3204.538
45.20025,6.33532,1484.9,8.1,104.064,Etape 19 - Saint-Jean-de-Maurienne / La Toussuire,19,3206.738
45.20656,6.33506,1601.3,13.3,105.491,Etape 19 - Saint-Jean-de-Maurienne / La Toussuire,19,3208.165
45.2194,6.33476,1492.8,-8.1,108.104,Etape 19 - Saint-Jean-de-Maurienne / La Toussuire,19,3210.778
45.22466,6.33164,1327,3.6,110.744,Etape 19 - Saint-Jean-de-Maurienne / La Toussuire,19,3213.418
45.21787,6.31889,1140,-13.8,112.955,Etape 19 - Saint-Jean-de-Maurienne / La Toussuire,19,3215.629
45.22571,6.31747,996.4,19,114.949,Etape 19 - Saint-Jean-de-Maurienne / La Toussuire,19,3217.623
45.2307,6.31526,826.5,-17.5,116.638,Etape 19 - Saint-Jean-de-Maurienne / La Toussuire,19,3219.312
45.2483,6.3219,677.4,-2.4,119.556,Etape 19 - Saint-Jean-de-Maurienne / La Toussuire,19,3222.23
45.2708,6.33795,658.7,14.8,123.6,Etape 19 - Saint-Jean-de-Maurienne / La Toussuire,19,3226.274
45.25139,6.31367,905,23.9,126.782,Etape 19 - Saint-Jean-de-Maurienne / La Toussuire,19,3229.456
45.24619,6.30758,1060.7,21.9,129.232,Etape 19 - Saint-Jean-de-Maurienne / La Toussuire,19,3231.906
45.24777,6.29965,1222.4,-8,131.767,Etape 19 - Saint-Jean-de-Maurienne / La Toussuire,19,3234.441
45.24525,6.27933,1295,-9.2,134.253,Etape 19 - Saint-Jean-de-Maurienne / La Toussuire,19,3236.927
45.23611,6.27664,1449.8,-18.7,136.241,Etape 19 - Saint-Jean-de-Maurienne / La Toussuire,19,3238.915
45.24449,6.2639,1594.1,4.1,138.201,Etape 19 - Saint-Jean-de-Maurienne / La Toussuire,19,3240.875
45.25474,6.25975,1695.8,2.2,140.902,Etape 19 - Saint-Jean-de-Maurienne / La Toussuire,19,3243.576
45.19447,6.6289,1033,-5.6,4.217,Etape 20 - Modane / Alpe d’Huez,20,3247.962
45.20713,6.56524,917.6,-4.3,9.55,Etape 20 - Modane / Alpe d’Huez,20,3253.295
45.2113,6.506,793.4,-6.2,14.352,Etape 20 - Modane / Alpe d’Huez,20,3258.097
45.21212,6.46596,777.7,7.1,18.212,Etape 20 - Modane / Alpe d’Huez,20,3261.957
45.20796,6.46196,925.5,18.7,19.981,Etape 20 - Modane / Alpe d’Huez,20,3263.726
45.20383,6.45332,1092.5,7,21.88,Etape 20 - Modane / Alpe d’Huez,20,3265.625
45.19953,6.46792,1236.1,17,23.883,Etape 20 - Modane / Alpe d’Huez,20,3267.628
45.19377,6.46821,1335,12.6,25.601,Etape 20 - Modane / Alpe d’Huez,20,3269.346
45.19366,6.45167,1485.7,-5.5,27.79,Etape 20 - Modane / Alpe d’Huez,20,3271.535
45.19097,6.44045,1549.1,-7.4,30.5,Etape 20 - Modane / Alpe d’Huez,20,3274.245
45.16947,6.43473,1439.7,18.8,33.266,Etape 20 - Modane / Alpe d’Huez,20,3277.011
45.15288,6.42076,1532.1,12.1,35.908,Etape 20 - Modane / Alpe d’Huez,20,3279.653
45.11483,6.42343,1744.3,13.1,40.552,Etape 20 - Modane / Alpe d’Huez,20,3284.297
45.09448,6.43089,1935.2,0.1,43.031,Etape 20 - Modane / Alpe d’Huez,20,3286.776
45.08876,6.43115,2072.9,-9.4,45.086,Etape 20 - Modane / Alpe d’Huez,20,3288.831
45.08072,6.42601,2241.5,0.2,47.062,Etape 20 - Modane / Alpe d’Huez,20,3290.807
45.07585,6.41258,2395.4,16.3,49.277,Etape 20 - Modane / Alpe d’Huez,20,3293.022
45.06729,6.41066,2532.4,9.5,50.861,Etape 20 - Modane / Alpe d’Huez,20,3294.606
45.06256,6.41169,2608.6,-27.9,52.419,Etape 20 - Modane / Alpe d’Huez,20,3296.164
45.06086,6.41009,2509.7,-9,53.918,Etape 20 - Modane / Alpe d’Huez,20,3297.663
45.05262,6.39413,2365.2,-17.2,56.08,Etape 20 - Modane / Alpe d’Huez,20,3299.825
45.03843,6.39511,2181.7,-9.1,58.774,Etape 20 - Modane / Alpe d’Huez,20,3302.519
45.03465,6.40505,2059,-9.1,60.805,Etape 20 - Modane / Alpe d’Huez,20,3304.55
45.03843,6.36529,1861.6,-21.2,64.433,Etape 20 - Modane / Alpe d’Huez,20,3308.178
45.0415,6.34705,1722.2,-2.4,66.925,Etape 20 - Modane / Alpe d’Huez,20,3310.67
45.04553,6.32931,1576.1,-11.4,69.308,Etape 20 - Modane / Alpe d’Huez,20,3313.053
45.04397,6.29444,1432,-10.9,72.515,Etape 20 - Modane / Alpe d’Huez,20,3316.26
45.03874,6.24426,1388.9,,76.69,Etape 20 - Modane / Alpe d’Huez,20,3320.435
45.03892,6.18497,1093.1,-6.1,81.619,Etape 20 - Modane / Alpe d’Huez,20,3325.364
45.04785,6.14268,1067.8,-7.2,85.373,Etape 20 - Modane / Alpe d’Huez,20,3329.118
45.04382,6.12742,953.7,-0.9,87.919,Etape 20 - Modane / Alpe d’Huez,20,3331.664
45.03885,6.10212,992.9,17.7,90.531,Etape 20 - Modane / Alpe d’Huez,20,3334.276
45.0324,6.08756,899.5,-14.1,92.58,Etape 20 - Modane / Alpe d’Huez,20,3336.325
45.05655,6.04051,722.8,4,98.646,Etape 20 - Modane / Alpe d’Huez,20,3342.391
45.0676,6.04189,889.6,-34.1,101.519,Etape 20 - Modane / Alpe d’Huez,20,3345.264
45.07286,6.04759,1079.5,4.9,103.691,Etape 20 - Modane / Alpe d’Huez,20,3347.436
45.07628,6.04796,1233.5,-2.3,105.58,Etape 20 - Modane / Alpe d’Huez,20,3349.325
45.08036,6.05572,1436.5,-6.1,107.824,Etape 20 - Modane / Alpe d’Huez,20,3351.569
45.08621,6.05916,1597.1,0.7,109.861,Etape 20 - Modane / Alpe d’Huez,20,3353.606
45.09247,6.06193,1799.3,4.2,112.433,Etape 20 - Modane / Alpe d’Huez,20,3356.178
48.8093,2.20567,173,0,1.048,Etape 21 - Sèvres / Paris,21,3358.418
48.81047,2.18739,100.8,5.8,4.61,Etape 21 - Sèvres / Paris,21,3361.98
48.82258,2.19561,133,-6,6.883,Etape 21 - Sèvres / Paris,21,3364.253
48.81578,2.1594,158.4,,10.387,Etape 21 - Sèvres / Paris,21,3367.757
48.8278,2.17835,146.8,,13.902,Etape 21 - Sèvres / Paris,21,3371.272
48.82343,2.22059,62.3,4.5,17.51,Etape 21 - Sèvres / Paris,21,3374.88
48.81298,2.24008,102.4,-2.5,20.631,Etape 21 - Sèvres / Paris,21,3378.001
48.8204,2.2744,69.3,7,23.857,Etape 21 - Sèvres / Paris,21,3381.227
48.8278,2.26739,31.5,-3.2,27.361,Etape 21 - Sèvres / Paris,21,3384.731
48.82952,2.2284,28.5,-6.4,30.915,Etape 21 - Sèvres / Paris,21,3388.285
48.85897,2.22751,34.9,2.2,34.335,Etape 21 - Sèvres / Paris,21,3391.705
48.87708,2.27986,37.3,0.8,39.048,Etape 21 - Sèvres / Paris,21,3396.418
48.86254,2.29386,41.5,-0.2,42.153,Etape 21 - Sèvres / Paris,21,3399.523
48.8586,2.31339,34.9,5.2,45.745,Etape 21 - Sèvres / Paris,21,3403.115
48.86425,2.32026,31.9,-9.9,49.654,Etape 21 - Sèvres / Paris,21,3407.024
48.86371,2.32124,30.1,,53.86,Etape 21 - Sèvres / Paris,21,3411.23